{"inputUnits":[34],"outputUnits":3,"inputs":{"0":{"dtype":"number","min":-5.357914431085845,"max":352.18542136106976},"1":{"dtype":"number","min":77.96988235651752,"max":391.00853827213035},"2":{"dtype":"number","min":1.9796541562804038,"max":365.2662367765078},"3":{"dtype":"number","min":67.1880269922635,"max":381.2146936557636},"4":{"dtype":"number","min":-9.103205936892024,"max":345.28745136186774},"5":{"dtype":"number","min":68.47650312727991,"max":380.4938743977231},"6":{"dtype":"number","min":25.192203269394454,"max":379.98458945426495},"7":{"dtype":"number","min":73.08508158286722,"max":377.79290415248056},"8":{"dtype":"number","min":-5.225458167406373,"max":334.38433719145183},"9":{"dtype":"number","min":69.27551982003891,"max":371.7747028514105},"10":{"dtype":"number","min":51.33237133694067,"max":396.4898914381688},"11":{"dtype":"number","min":141.87385054413912,"max":396.5324222549854},"12":{"dtype":"number","min":-6.796884974616972,"max":327.5386967640443},"13":{"dtype":"number","min":139.26518041707197,"max":394.97473097033077},"14":{"dtype":"number","min":69.5677442736199,"max":401.3048594433974},"15":{"dtype":"number","min":186.8236592214859,"max":455.8609405398833},"16":{"dtype":"number","min":-11.115294222701849,"max":311.3532800340467},"17":{"dtype":"number","min":184.07931055447472,"max":445.1183759043653},"18":{"dtype":"number","min":49.98352573261187,"max":402.0949127553502},"19":{"dtype":"number","min":195.30900413424123,"max":508.3436585660111},"20":{"dtype":"number","min":-23.83630228599222,"max":341.9534593871595},"21":{"dtype":"number","min":161.7159495075389,"max":483.0206218081226},"22":{"dtype":"number","min":48.349833566391055,"max":373.54601433304964},"23":{"dtype":"number","min":225.0794969848158,"max":474.99083475194556},"24":{"dtype":"number","min":8.918867415491249,"max":326.0347620151386},"25":{"dtype":"number","min":224.21270312594996,"max":470.30258143087303},"26":{"dtype":"number","min":34.3540922528575,"max":364.3856709402359},"27":{"dtype":"number","min":286.2417674973781,"max":512.003062682393},"28":{"dtype":"number","min":22.709877340710122,"max":315.58038235081773},"29":{"dtype":"number","min":285.25296744854995,"max":507.01557370196986},"30":{"dtype":"number","min":33.684052819871724,"max":363.28615276173394},"31":{"dtype":"number","min":332.2495288180934,"max":526.5909020093628},"32":{"dtype":"number","min":26.526051324629137,"max":331.3091950769091},"33":{"dtype":"number","min":325.85126706134486,"max":527.3829530946011}},"outputs":{"0":{"dtype":"string","min":0,"max":1,"uniqueValues":["Default","스쿼트","Error"],"legend":{"Default":[1,0,0],"스쿼트":[0,1,0],"Error":[0,0,1]}}},"isNormalized":true}